N,Должность,Язык.программирования,Общий.опыт.работы,Опыт.работы.на.текущем.месте,Зарплата.в.месяц,Изменение.зарплаты.за.12.месяцев,Город,Размер.компании,Тип.компании,Пол,Возраст,Образование,Еще.студент,Уровень.английского,Дата.заполнения,User.Agent,exp,current_job_exp,salary,avg
13,Software Engineer,Python,1,меньше 3 месяцев,800,200,Киев,до 50 человек,Аутсорсинговая,мужской,26,Высшее,False,ниже среднего,12/06/2017 13:05:54,"Mozilla/5.0 (Windows NT 6.1; Win64; x64) AppleWebKit/537.36 (KHTML, like Gecko) Chrome/58.0.3029.110 Safari/537.36",1.0,0.0,800,2950.0
69,Software Engineer,Python,1.5,0.5,900,900,Киев,до 10 человек,Стартап,мужской,21,Незаконченное высшее,True,выше среднего,12/06/2017 13:11:17,"Mozilla/5.0 (Windows NT 10.0; Win64; x64) AppleWebKit/537.36 (KHTML, like Gecko) Chrome/59.0.3071.86 Safari/537.36",1.5,0.5,900,2950.0
88,Junior Software Engineer,Python,0.5,0.5,600,0,Киев,до 10 человек,Аутсорсинговая,мужской,19,Незаконченное высшее,True,выше среднего,12/06/2017 13:12:25,"Mozilla/5.0 (X11; Linux x86_64) AppleWebKit/537.36 (KHTML, like Gecko) Chrome/59.0.3071.86 Safari/537.36",0.5,0.5,600,675.0
115,Junior Software Engineer,Python,1.5,0.5,685,250,Киев,до 1000 человек,Аутсорсинговая,мужской,21,Незаконченное высшее,False,средний,12/06/2017 13:14:52,"Mozilla/5.0 (X11; Linux x86_64) AppleWebKit/537.36 (KHTML, like Gecko) Chrome/56.0.2924.87 Safari/537.36",1.5,0.5,685,675.0
144,Junior Software Engineer,Python,1,1,750,250,Киев,до 10 человек,Аутсорсинговая,мужской,21,Незаконченное высшее,True,выше среднего,12/06/2017 13:19:10,"Mozilla/5.0 (X11; Linux x86_64) AppleWebKit/537.36 (KHTML, like Gecko) Chrome/58.0.3029.110 Safari/537.36",1.0,1.0,750,675.0
154,Software Engineer,Python,2,1,1200,0,Днепр,до 50 человек,Аутстаффинговая,мужской,34,Кандидат,False,продвинутый,12/06/2017 13:20:15,"Mozilla/5.0 (Windows NT 10.0; WOW64) AppleWebKit/537.36 (KHTML, like Gecko) Chrome/58.0.3029.110 Safari/537.36 OPR/45.0.2552.888",2.0,1.0,1200,2950.0
163,Junior Software Engineer,Python,0.5,0.5,500,0,Винница,до 200 человек,Аутсорсинговая,мужской,20,Техникум / Колледж,True,ниже среднего,12/06/2017 13:21:08,"Mozilla/5.0 (Linux; Android 7.1.2; LG-D802 Build/N2G47E) AppleWebKit/537.36 (KHTML, like Gecko) Chrome/58.0.3029.83 Mobile Safari/537.36",0.5,0.5,500,675.0
172,Junior Software Engineer,Python,0.25,0.25,800,0,Киев,до 50 человек,Продуктовая,мужской,25,Высшее,False,продвинутый,12/06/2017 13:22:31,"Mozilla/5.0 (X11; Linux x86_64) AppleWebKit/537.36 (KHTML, like Gecko) Chrome/58.0.3029.110 Safari/537.36",0.25,0.25,800,675.0
218,Software Engineer,Python,8,2,2900,150,Львов,до 1000 человек,Аутсорсинговая,мужской,26,Высшее,False,выше среднего,12/06/2017 13:31:50,"Mozilla/5.0 (Windows NT 6.2; Win64; x64) AppleWebKit/537.36 (KHTML, like Gecko) Chrome/58.0.3029.110 Safari/537.36",8.0,2.0,2900,2950.0
284,Junior Software Engineer,Python,1,меньше 3 месяцев,400,400,Харьков,до 10 человек,Стартап,мужской,23,Незаконченное высшее,False,средний,12/06/2017 13:43:33,"Mozilla/5.0 (Windows NT 10.0) AppleWebKit/537.36 (KHTML, like Gecko) Chrome/58.0.3029.110 Safari/537.36",1.0,0.0,400,675.0
303,Senior Software Engineer,Python,10 и более лет,0.5,3500,-300,Киев,до 200 человек,Продуктовая,мужской,30,Высшее,False,выше среднего,12/06/2017 13:46:24,"Mozilla/5.0 (Windows NT 6.1; Win64; x64) AppleWebKit/537.36 (KHTML, like Gecko) Chrome/58.0.3029.110 Safari/537.36",10.0,0.5,3500,5250.0
333,Junior Software Engineer,Python,1,1,600,300,Львов,до 50 человек,Аутсорсинговая,мужской,19,Незаконченное высшее,True,ниже среднего,12/06/2017 13:51:25,Mozilla/5.0 (X11; Fedora; Linux x86_64; rv:53.0) Gecko/20100101 Firefox/53.0,1.0,1.0,600,675.0
348,Junior Software Engineer,Python,меньше 3 месяцев,меньше 3 месяцев,200,0,Киев,до 10 человек,Аутсорсинговая,мужской,22,Незаконченное высшее,True,ниже среднего,12/06/2017 13:53:40,"Mozilla/5.0 (Linux; Android 5.1.1; Mi-4c Build/LMY47V) AppleWebKit/537.36 (KHTML, like Gecko) Chrome/58.0.3029.83 Mobile Safari/537.36",0.0,0.0,200,675.0
374,Senior Software Engineer,Python,7,0.5,3100,1000,Днепр,до 200 человек,Аутсорсинговая,мужской,30,Высшее,False,выше среднего,12/06/2017 13:58:16,"Mozilla/5.0 (Macintosh; Intel Mac OS X 10_12_6) AppleWebKit/537.36 (KHTML, like Gecko) Chrome/59.0.3071.86 Safari/537.36",7.0,0.5,3100,5250.0
388,Software Engineer,Python,4,1.5,1200,0,Другой,до 10 человек,Стартап,мужской,26,Высшее,False,ниже среднего,12/06/2017 14:01:02,"Mozilla/5.0 (X11; Linux x86_64) AppleWebKit/537.36 (KHTML, like Gecko) Chrome/58.0.3029.114 Safari/537.36 Vivaldi/1.9.818.50",4.0,1.5,1200,2950.0
450,Software Engineer,Python,5,3,2000,0,Киев,свыше 1000 человек,Аутсорсинговая,мужской,37,Незаконченное высшее,False,выше среднего,12/06/2017 14:12:37,"Mozilla/5.0 (Macintosh; Intel Mac OS X 10_11_6) AppleWebKit/537.36 (KHTML, like Gecko) Chrome/58.0.3029.110 Safari/537.36",5.0,3.0,2000,2950.0
535,Junior Software Engineer,Python,0.5,0.5,400,100,Львов,до 50 человек,Аутсорсинговая,мужской,24,Незаконченное высшее,False,ниже среднего,12/06/2017 14:32:52,Mozilla/5.0 (X11; Ubuntu; Linux x86_64; rv:53.0) Gecko/20100101 Firefox/53.0,0.5,0.5,400,675.0
566,Software Engineer,Python,2,2,1000,200,Хмельницкий,до 10 человек,Стартап,мужской,21,Высшее,True,выше среднего,12/06/2017 14:38:30,"Mozilla/5.0 (Macintosh; Intel Mac OS X 10_12_5) AppleWebKit/537.36 (KHTML, like Gecko) Chrome/58.0.3029.110 Safari/537.36",2.0,2.0,1000,2950.0
573,Software Engineer,Python,5,1,1750,0,Удаленно,до 10 человек,Стартап,мужской,25,Высшее,False,выше среднего,12/06/2017 14:40:07,"Mozilla/5.0 (Macintosh; Intel Mac OS X 10_12_5) AppleWebKit/537.36 (KHTML, like Gecko) Chrome/59.0.3071.86 Safari/537.36",5.0,1.0,1750,2950.0
605,Software Engineer,Python,7,0.25,3325,325,Киев,до 1000 человек,Аутстаффинговая,мужской,28,Высшее,False,средний,12/06/2017 14:47:23,"Mozilla/5.0 (Macintosh; Intel Mac OS X 10_12_5) AppleWebKit/537.36 (KHTML, like Gecko) Chrome/58.0.3029.110 Safari/537.36",7.0,0.25,3325,2950.0
670,Software Engineer,Python,3,3,2000,0,Львов,до 50 человек,Аутсорсинговая,мужской,25,Высшее,False,выше среднего,12/06/2017 14:58:02,"Mozilla/5.0 (X11; Linux x86_64) AppleWebKit/537.36 (KHTML, like Gecko) Chrome/56.0.2924.87 Safari/537.36",3.0,3.0,2000,2950.0
680,Software Engineer,Python,3,1,2500,1000,Киев,свыше 1000 человек,Аутсорсинговая,мужской,26,Высшее,False,средний,12/06/2017 14:59:49,"Mozilla/5.0 (Windows NT 10.0; Win64; x64) AppleWebKit/537.36 (KHTML, like Gecko) Chrome/58.0.3029.110 Safari/537.36",3.0,1.0,2500,2950.0
689,Junior Software Engineer,Python,1.5,0.5,1200,500,Удаленно,до 10 человек,Продуктовая,мужской,25,Незаконченное высшее,False,продвинутый,12/06/2017 15:01:31,Mozilla/5.0 (Windows NT 10.0; WOW64; rv:53.0) Gecko/20100101 Firefox/53.0,1.5,0.5,1200,675.0
697,Software Engineer,Python,3,1,2000,500,Львов,до 200 человек,Аутсорсинговая,мужской,32,Высшее,False,выше среднего,12/06/2017 15:03:31,"Mozilla/5.0 (X11; Linux x86_64) AppleWebKit/537.36 (KHTML, like Gecko) Chrome/55.0.2883.87 Safari/537.36",3.0,1.0,2000,2950.0
716,Junior Software Engineer,Python,1.5,1.5,900,300,Киев,свыше 1000 человек,Аутсорсинговая,мужской,28,Высшее,False,выше среднего,12/06/2017 15:09:08,"Mozilla/5.0 (Macintosh; Intel Mac OS X 10_12_1) AppleWebKit/537.36 (KHTML, like Gecko) Chrome/58.0.3029.110 Safari/537.36",1.5,1.5,900,675.0
729,Software Engineer,Python,2,1,1425,800,Киев,свыше 1000 человек,Аутстаффинговая,мужской,20,Незаконченное высшее,True,продвинутый,12/06/2017 15:14:45,"Mozilla/5.0 (X11; Linux x86_64) AppleWebKit/537.36 (KHTML, like Gecko) Chrome/54.0.2840.71 Safari/537.36",2.0,1.0,1425,2950.0
834,Junior Software Engineer,Python,1.5,0.5,800,200,Киев,до 10 человек,Продуктовая,мужской,24,Высшее,False,ниже среднего,12/06/2017 15:37:49,"Mozilla/5.0 (X11; Linux x86_64) AppleWebKit/537.36 (KHTML, like Gecko) Chrome/58.0.3029.110 Safari/537.36",1.5,0.5,800,675.0
856,Software Engineer,Python,2,0.5,1425,125,Одесса,до 200 человек,Аутстаффинговая,мужской,27,Среднее,False,средний,12/06/2017 15:44:39,Mozilla/5.0 (X11; Ubuntu; Linux x86_64; rv:50.0) Gecko/20100101 Firefox/50.0,2.0,0.5,1425,2950.0
871,Software Engineer,Python,1.5,меньше 3 месяцев,1200,500,Киев,до 200 человек,Аутсорсинговая,мужской,31,Высшее,False,средний,12/06/2017 15:49:52,"Mozilla/5.0 (X11; Linux x86_64) AppleWebKit/537.36 (KHTML, like Gecko) Chrome/58.0.3029.110 Safari/537.36",1.5,0.0,1200,2950.0
954,Software Engineer,Python,0.5,0.5,850,0,Киев,до 10 человек,Продуктовая,мужской,25,Высшее,False,средний,12/06/2017 16:17:50,"Mozilla/5.0 (X11; Linux x86_64) AppleWebKit/537.36 (KHTML, like Gecko) Chrome/59.0.3071.86 Safari/537.36",0.5,0.5,850,2950.0
1004,Junior Software Engineer,Python,1,0.25,800,300,Удаленно,до 50 человек,Стартап,мужской,34,Высшее,False,элементарный,12/06/2017 16:33:42,"Mozilla/5.0 (X11; Linux x86_64) AppleWebKit/537.36 (KHTML, like Gecko) Chrome/58.0.3029.81 Safari/537.36 OPR/45.0.2552.635",1.0,0.25,800,675.0
1022,Software Engineer,Python,2,2,1400,200,Киев,до 1000 человек,Продуктовая,мужской,23,Высшее,False,средний,12/06/2017 16:39:26,"Mozilla/5.0 (iPhone; CPU iPhone OS 10_3_2 like Mac OS X) AppleWebKit/603.2.4 (KHTML, like Gecko) Mobile/14F89 [FBAN/FBIOS;FBAV/96.0.0.45.70;FBBV/60548545;FBDV/iPhone9,2;FBMD/iPhone;FBSN/iOS;FBSV/10.3.2;FBSS/3;FBCR/Carrier;FBID/phone;FBLC/ru_RU;FBOP/5;FBRV/0]",2.0,2.0,1400,2950.0
1081,Software Engineer,Python,5,1,2800,500,Житомир,до 50 человек,Стартап,мужской,29,Высшее,False,выше среднего,12/06/2017 17:03:05,"Mozilla/5.0 (iPhone; CPU iPhone OS 10_3_2 like Mac OS X) AppleWebKit/603.2.4 (KHTML, like Gecko) Version/10.0 Mobile/14F89 Safari/602.1",5.0,1.0,2800,2950.0
1109,Junior Software Engineer,Python,1,меньше 3 месяцев,300,0,Киев,до 10 человек,Аутстаффинговая,мужской,19,Незаконченное высшее,False,средний,12/06/2017 17:14:59,"Mozilla/5.0 (Linux; Android 6.0.1; Redmi 4 Build/MMB29M) AppleWebKit/537.36 (KHTML, like Gecko) Chrome/58.0.3029.83 Mobile Safari/537.36",1.0,0.0,300,675.0
1139,Software Engineer,Python,4,0.5,2600,1000,Львов,до 1000 человек,Аутстаффинговая,мужской,27,Высшее,False,средний,12/06/2017 17:24:34,"Mozilla/5.0 (Windows NT 10.0; Win64; x64) AppleWebKit/537.36 (KHTML, like Gecko) Chrome/58.0.3029.110 Safari/537.36",4.0,0.5,2600,2950.0
1173,Senior Software Engineer,Python,2,2,1300,800,Львов,до 50 человек,Другая,мужской,20,Незаконченное высшее,True,средний,12/06/2017 17:38:00,"Mozilla/5.0 (Linux; Android 6.0.1; Redmi 3S Build/MMB29M; wv) AppleWebKit/537.36 (KHTML, like Gecko) Version/4.0 Chrome/58.0.3029.83 Mobile Safari/537.36",2.0,2.0,1300,5250.0
1188,Junior Software Engineer,Python,1.5,1.5,952,550,Львов,свыше 1000 человек,Аутсорсинговая,мужской,26,Высшее,False,средний,12/06/2017 17:43:03,"Mozilla/5.0 (Windows NT 6.1; Win64; x64) AppleWebKit/537.36 (KHTML, like Gecko) Chrome/58.0.3029.110 Safari/537.36",1.5,1.5,952,675.0
1195,Junior Software Engineer,Python,1,0.25,300,0,Львов,до 50 человек,Стартап,мужской,21,Высшее,True,средний,12/06/2017 17:45:49,"Mozilla/5.0 (Windows NT 6.1; Win64; x64) AppleWebKit/537.36 (KHTML, like Gecko) Chrome/58.0.3029.110 Safari/537.36",1.0,0.25,300,675.0
1364,Senior Software Engineer,Python,10 и более лет,2,1500,1000,Удаленно,до 10 человек,Стартап,мужской,35,Высшее,False,элементарный,12/06/2017 19:10:01,Mozilla/5.0 (Windows NT 10.0; WOW64; rv:53.0) Gecko/20100101 Firefox/53.0,10.0,2.0,1500,5250.0
1393,Software Engineer,Python,1.5,1.5,1400,1000,Львов,до 50 человек,Аутсорсинговая,мужской,26,Высшее,False,средний,12/06/2017 19:31:39,"Mozilla/5.0 (X11; Linux x86_64) AppleWebKit/537.36 (KHTML, like Gecko) Chrome/56.0.2924.87 Safari/537.36",1.5,1.5,1400,2950.0
1490,Senior Software Engineer,Python,4,1,3300,430,Львов,до 1000 человек,Аутсорсинговая,мужской,27,Высшее,False,выше среднего,12/06/2017 20:48:17,"Mozilla/5.0 (Windows NT 10.0; Win64; x64) AppleWebKit/537.36 (KHTML, like Gecko) Chrome/58.0.3029.110 Safari/537.36",4.0,1.0,3300,5250.0
1579,Software Engineer,Python,1,меньше 3 месяцев,2100,1200,Киев,до 200 человек,Аутсорсинговая,мужской,30,Высшее,False,средний,12/06/2017 21:34:57,"Mozilla/5.0 (Macintosh; Intel Mac OS X 10_12_5) AppleWebKit/537.36 (KHTML, like Gecko) Chrome/58.0.3029.110 Safari/537.36",1.0,0.0,2100,2950.0
1587,Software Engineer,Python,1,меньше 3 месяцев,700,500,Киев,до 10 человек,Продуктовая,мужской,19,Незаконченное высшее,True,выше среднего,12/06/2017 21:40:02,"Mozilla/5.0 (Linux; Android 6.0; MEIZU_M5 Build/MRA58K) AppleWebKit/537.36 (KHTML, like Gecko) Chrome/58.0.3029.83 Mobile Safari/537.36",1.0,0.0,700,2950.0
1604,Junior Software Engineer,Python,0.5,0.5,300,100,Ивано-Франковск,до 10 человек,Аутсорсинговая,мужской,23,Незаконченное высшее,True,ниже среднего,12/06/2017 21:51:44,"Mozilla/5.0 (X11; Linux x86_64) AppleWebKit/537.36 (KHTML, like Gecko) Chrome/58.0.3029.110 Safari/537.36",0.5,0.5,300,675.0
1615,Junior Software Engineer,Python,0.5,0.5,440,0,Львов,свыше 1000 человек,Аутсорсинговая,мужской,28,Кандидат,False,средний,12/06/2017 21:59:19,"Mozilla/5.0 (X11; Linux x86_64) AppleWebKit/537.36 (KHTML, like Gecko) Ubuntu Chromium/58.0.3029.110 Chrome/58.0.3029.110 Safari/537.36",0.5,0.5,440,675.0
1653,Junior Software Engineer,Python,0.5,0.25,500,200,Львов,до 10 человек,Аутсорсинговая,мужской,21,Незаконченное высшее,True,средний,12/06/2017 22:18:34,"Mozilla/5.0 (Windows NT 10.0; Win64; x64) AppleWebKit/537.36 (KHTML, like Gecko) Chrome/58.0.3029.110 Safari/537.36",0.5,0.25,500,675.0
1682,Junior Software Engineer,Python,0.5,0.5,800,200,Запорожье,до 50 человек,Аутсорсинговая,мужской,31,Высшее,False,средний,12/06/2017 22:33:08,"Mozilla/5.0 (X11; Linux x86_64) AppleWebKit/537.36 (KHTML, like Gecko) Ubuntu Chromium/56.0.2924.76 Chrome/56.0.2924.76 Safari/537.36",0.5,0.5,800,675.0
1696,Junior Software Engineer,Python,0.5,0.5,600,600,Киев,до 200 человек,Продуктовая,мужской,21,Незаконченное высшее,True,выше среднего,12/06/2017 22:41:19,"Mozilla/5.0 (X11; Linux x86_64) AppleWebKit/537.36 (KHTML, like Gecko) Chrome/58.0.3029.110 Safari/537.36 OPR/45.0.2552.888",0.5,0.5,600,675.0
1734,Junior Software Engineer,Python,1,1,400,400,Харьков,до 10 человек,Аутсорсинговая,мужской,21,Высшее,True,ниже среднего,12/06/2017 22:59:04,"Mozilla/5.0 (X11; Linux x86_64) AppleWebKit/537.36 (KHTML, like Gecko) Chrome/58.0.3029.110 Safari/537.36 OPR/45.0.2552.888",1.0,1.0,400,675.0
1749,Software Engineer,Python,1.5,1.5,700,200,Киев,до 10 человек,Стартап,женский,23,Высшее,False,средний,12/06/2017 23:05:15,"Mozilla/5.0 (X11; Linux x86_64) AppleWebKit/537.36 (KHTML, like Gecko) Chrome/58.0.3029.81 Safari/537.36",1.5,1.5,700,2950.0
1915,Junior Software Engineer,Python,0.25,0.25,400,0,Львов,до 200 человек,Аутсорсинговая,мужской,20,Незаконченное высшее,True,средний,13/06/2017 01:53:20,"Mozilla/5.0 (Windows NT 10.0; Win64; x64) AppleWebKit/537.36 (KHTML, like Gecko) Chrome/60.0.3112.24 Safari/537.36",0.25,0.25,400,675.0
1938,Software Engineer,Python,1,1,850,500,Киев,до 10 человек,Аутсорсинговая,мужской,20,Незаконченное высшее,True,выше среднего,13/06/2017 07:01:32,"Mozilla/5.0 (Windows NT 10.0; Win64; x64) AppleWebKit/537.36 (KHTML, like Gecko) Chrome/58.0.3029.110 Safari/537.36",1.0,1.0,850,2950.0
1955,Senior Software Engineer,Python,5,меньше 3 месяцев,3900,400,Харьков,до 50 человек,Стартап,мужской,26,Высшее,False,продвинутый,13/06/2017 07:50:49,"Mozilla/5.0 (Macintosh; Intel Mac OS X 10_12_5) AppleWebKit/537.36 (KHTML, like Gecko) Chrome/58.0.3029.110 Safari/537.36",5.0,0.0,3900,5250.0
2015,Software Engineer,Python,4,0.5,4100,800,Львов,свыше 1000 человек,Аутсорсинговая,мужской,26,Высшее,False,продвинутый,13/06/2017 09:05:55,Mozilla/5.0 (Windows NT 10.0; WOW64; rv:53.0) Gecko/20100101 Firefox/53.0,4.0,0.5,4100,2950.0
2022,Software Engineer,Python,2,2,2000,500,Киев,до 50 человек,Аутсорсинговая,мужской,21,Незаконченное высшее,True,выше среднего,13/06/2017 09:11:13,"Mozilla/5.0 (Linux; Android 5.1; m2 Build/LMY47D) AppleWebKit/537.36 (KHTML, like Gecko) Chrome/58.0.3029.83 Mobile Safari/537.36",2.0,2.0,2000,2950.0
2134,Junior Software Engineer,Python,0.5,0.5,100,0,Запорожье,до 50 человек,Аутсорсинговая,мужской,32,Высшее,False,средний,13/06/2017 10:25:39,Mozilla/5.0 (Windows NT 6.1; WOW64; rv:53.0) Gecko/20100101 Firefox/53.0,0.5,0.5,100,675.0
2166,Senior Software Engineer,Python,4,1.5,3000,600,Удаленно,до 50 человек,Аутсорсинговая,мужской,28,Высшее,False,средний,13/06/2017 10:41:12,"Mozilla/5.0 (Macintosh; Intel Mac OS X 10_12_5) AppleWebKit/603.2.4 (KHTML, like Gecko) Version/10.1.1 Safari/603.2.4",4.0,1.5,3000,5250.0
2185,Software Engineer,Python,4,1.5,2300,600,Киев,до 10 человек,Стартап,мужской,34,Два высших,False,выше среднего,13/06/2017 10:54:05,"Mozilla/5.0 (Linux; Android 6.0.1; SM-J710F Build/MMB29K) AppleWebKit/537.36 (KHTML, like Gecko) Chrome/58.0.3029.83 Mobile Safari/537.36",4.0,1.5,2300,2950.0
2188,Junior Software Engineer,Python,1.5,меньше 3 месяцев,650,450,Киев,до 200 человек,Продуктовая,мужской,19,Незаконченное высшее,False,ниже среднего,13/06/2017 10:55:35,Mozilla/5.0 (X11; Ubuntu; Linux x86_64; rv:53.0) Gecko/20100101 Firefox/53.0,1.5,0.0,650,675.0
2193,Software Engineer,Python,2,1,2500,0,Киев,свыше 1000 человек,Аутсорсинговая,мужской,20,Незаконченное высшее,True,выше среднего,13/06/2017 10:56:57,"Mozilla/5.0 (X11; Linux x86_64) AppleWebKit/537.36 (KHTML, like Gecko) Chrome/59.0.3071.86 Safari/537.36",2.0,1.0,2500,2950.0
2225,Software Engineer,Python,6,2,4500,1500,Киев,до 50 человек,Продуктовая,мужской,33,Высшее,False,средний,13/06/2017 11:17:57,"Mozilla/5.0 (Windows NT 10.0; Win64; x64) AppleWebKit/537.36 (KHTML, like Gecko) Chrome/58.0.3029.110 Safari/537.36 OPR/45.0.2552.888",6.0,2.0,4500,2950.0
2245,Software Engineer,Python,3,0.5,2400,1000,Киев,свыше 1000 человек,Аутстаффинговая,мужской,24,Высшее,False,выше среднего,13/06/2017 11:29:18,"Mozilla/5.0 (Windows NT 10.0; Win64; x64) AppleWebKit/537.36 (KHTML, like Gecko) Chrome/58.0.3029.110 Safari/537.36",3.0,0.5,2400,2950.0
2287,Software Engineer,Python,4,1,3500,0,Удаленно,до 10 человек,Продуктовая,мужской,30,Высшее,False,выше среднего,13/06/2017 11:54:54,"Mozilla/5.0 (X11; Linux x86_64) AppleWebKit/537.36 (KHTML, like Gecko) Ubuntu Chromium/58.0.3029.110 Chrome/58.0.3029.110 Safari/537.36",4.0,1.0,3500,2950.0
2290,Senior Software Engineer,Python,7,4,3000,0,Харьков,до 1000 человек,Аутстаффинговая,мужской,27,Высшее,False,средний,13/06/2017 11:57:00,"Mozilla/5.0 (X11; Linux x86_64) AppleWebKit/537.36 (KHTML, like Gecko) Chrome/57.0.2987.98 Safari/537.36",7.0,4.0,3000,5250.0
2351,Software Engineer,Python,5,1,2100,0,Львов,до 1000 человек,Продуктовая,мужской,31,Два высших,False,средний,13/06/2017 12:14:47,"Mozilla/5.0 (Macintosh; Intel Mac OS X 10_11_6) AppleWebKit/537.36 (KHTML, like Gecko) Chrome/58.0.3029.110 Safari/537.36",5.0,1.0,2100,2950.0
2357,Software Engineer,Python,2,меньше 3 месяцев,1900,1100,Удаленно,до 50 человек,Аутсорсинговая,мужской,23,Высшее,False,средний,13/06/2017 12:14:55,"Mozilla/5.0 (X11; Linux x86_64) AppleWebKit/537.36 (KHTML, like Gecko) Chrome/58.0.3029.110 Safari/537.36",2.0,0.0,1900,2950.0
2388,Senior Software Engineer,Python,10 и более лет,3,2600,600,Львов,свыше 1000 человек,Аутстаффинговая,мужской,28,Высшее,False,средний,13/06/2017 12:16:39,"Mozilla/5.0 (Macintosh; Intel Mac OS X 10_12_5) AppleWebKit/603.2.4 (KHTML, like Gecko) Version/10.1.1 Safari/603.2.4",10.0,3.0,2600,5250.0
2434,Software Engineer,Python,10 и более лет,меньше 3 месяцев,1900,700,Удаленно,до 10 человек,Стартап,мужской,29,Высшее,False,выше среднего,13/06/2017 12:19:00,"Mozilla/5.0 (Macintosh; Intel Mac OS X 10_12_5) AppleWebKit/603.2.4 (KHTML, like Gecko) Version/10.1.1 Safari/603.2.4",10.0,0.0,1900,2950.0
2455,Software Engineer,Python,1.5,0.5,500,0,Харьков,до 1000 человек,Другая,мужской,24,Высшее,False,ниже среднего,13/06/2017 12:20:12,"Mozilla/5.0 (X11; Linux x86_64) AppleWebKit/537.36 (KHTML, like Gecko) Chrome/59.0.3071.86 Safari/537.36",1.5,0.5,500,2950.0
2464,Software Engineer,Python,6,3,3000,800,Днепр,до 50 человек,Продуктовая,мужской,27,Высшее,False,продвинутый,13/06/2017 12:21:19,"Mozilla/5.0 (X11; Linux x86_64) AppleWebKit/537.36 (KHTML, like Gecko) Chrome/58.0.3029.81 Safari/537.36",6.0,3.0,3000,2950.0
2475,Software Engineer,Python,2,0.25,1500,200,Киев,до 1000 человек,Продуктовая,мужской,23,Незаконченное высшее,False,средний,13/06/2017 12:21:53,"Mozilla/5.0 (iPhone; CPU iPhone OS 10_3_2 like Mac OS X) AppleWebKit/603.2.4 (KHTML, like Gecko) Version/10.0 Mobile/14F89 Safari/602.1",2.0,0.25,1500,2950.0
2558,Software Engineer,Python,3,1.5,2300,300,Другой,до 200 человек,Продуктовая,мужской,25,Два высших,False,выше среднего,13/06/2017 12:29:25,"Mozilla/5.0 (X11; Linux x86_64) AppleWebKit/537.36 (KHTML, like Gecko) Chrome/59.0.3071.86 Safari/537.36",3.0,1.5,2300,2950.0
2633,Technical Lead,Python,4,1.5,3500,1000,Киев,до 50 человек,Продуктовая,мужской,23,Незаконченное высшее,False,выше среднего,13/06/2017 12:37:02,"Mozilla/5.0 (Macintosh; Intel Mac OS X 10_12_5) AppleWebKit/537.36 (KHTML, like Gecko) Chrome/59.0.3071.86 Safari/537.36",4.0,1.5,3500,3812.5
2653,Software Engineer,Python,4,меньше 3 месяцев,1700,100,Киев,до 10 человек,Продуктовая,мужской,26,Техникум / Колледж,False,средний,13/06/2017 12:39:39,"Mozilla/5.0 (X11; Linux x86_64) AppleWebKit/537.36 (KHTML, like Gecko) Chrome/59.0.3071.86 Safari/537.36",4.0,0.0,1700,2950.0
2662,Software Engineer,Python,1,0.25,1100,900,Киев,до 10 человек,Аутстаффинговая,мужской,20,Высшее,False,продвинутый,13/06/2017 12:41:04,"Mozilla/5.0 (X11; Linux x86_64) AppleWebKit/537.36 (KHTML, like Gecko) Chrome/57.0.2987.110 Safari/537.36",1.0,0.25,1100,2950.0
2769,Software Engineer,Python,4,1,1880,250,Днепр,свыше 1000 человек,Аутсорсинговая,мужской,31,Техникум / Колледж,False,ниже среднего,13/06/2017 12:57:44,"Mozilla/5.0 (X11; Linux x86_64) AppleWebKit/537.36 (KHTML, like Gecko) Chrome/59.0.3071.86 Safari/537.36",4.0,1.0,1880,2950.0
2782,Software Engineer,Python,5,1,2000,1000,Киев,до 10 человек,Стартап,мужской,27,Высшее,False,средний,13/06/2017 12:59:43,"Mozilla/5.0 (Macintosh; Intel Mac OS X 10_12_4) AppleWebKit/537.36 (KHTML, like Gecko) Chrome/58.0.3029.110 Safari/537.36",5.0,1.0,2000,2950.0
2796,Junior Software Engineer,Python,2,0.5,1000,100,Полтава,до 10 человек,Продуктовая,мужской,23,Высшее,True,средний,13/06/2017 13:02:17,"Mozilla/5.0 (X11; Linux x86_64) AppleWebKit/537.36 (KHTML, like Gecko) Chrome/58.0.3029.110 Safari/537.36",2.0,0.5,1000,675.0
2835,Junior Software Engineer,Python,1,0.5,300,0,Львов,до 200 человек,Аутсорсинговая,мужской,22,Высшее,False,выше среднего,13/06/2017 13:11:52,"Mozilla/5.0 (X11; Linux x86_64) AppleWebKit/537.36 (KHTML, like Gecko) Chrome/57.0.2987.110 Safari/537.36",1.0,0.5,300,675.0
2838,Senior Software Engineer,Python,4,2,2400,200,Харьков,до 50 человек,Аутстаффинговая,мужской,29,Высшее,False,элементарный,13/06/2017 13:12:22,"Mozilla/5.0 (Macintosh; Intel Mac OS X 10_12_4) AppleWebKit/537.36 (KHTML, like Gecko) Chrome/59.0.3071.86 Safari/537.36",4.0,2.0,2400,5250.0
2905,Software Engineer,Python,0.5,0.25,1300,850,Киев,до 50 человек,Стартап,мужской,28,Высшее,False,продвинутый,13/06/2017 13:28:13,"Mozilla/5.0 (Macintosh; Intel Mac OS X 10_12_5) AppleWebKit/537.36 (KHTML, like Gecko) Chrome/58.0.3029.110 Safari/537.36",0.5,0.25,1300,2950.0
2909,Junior Software Engineer,Python,меньше 3 месяцев,меньше 3 месяцев,500,0,Киев,до 10 человек,Аутсорсинговая,мужской,24,Высшее,False,выше среднего,13/06/2017 13:28:52,"Mozilla/5.0 (Windows NT 10.0; Win64; x64) AppleWebKit/537.36 (KHTML, like Gecko) Chrome/58.0.3029.110 Safari/537.36",0.0,0.0,500,675.0
2947,Senior Software Engineer,Python,6,1.5,3200,200,Львов,до 1000 человек,Аутсорсинговая,мужской,32,Высшее,False,выше среднего,13/06/2017 13:40:17,Mozilla/5.0 (Macintosh; Intel Mac OS X 10.12; rv:53.0) Gecko/20100101 Firefox/53.0,6.0,1.5,3200,5250.0
2960,Junior Software Engineer,Python,2,2,800,250,Львов,свыше 1000 человек,Аутсорсинговая,мужской,24,Высшее,False,средний,13/06/2017 13:45:43,"Mozilla/5.0 (Windows NT 10.0; Win64; x64) AppleWebKit/537.36 (KHTML, like Gecko) Chrome/58.0.3029.110 Safari/537.36",2.0,2.0,800,675.0
2984,Junior Software Engineer,Python,1.5,1.5,400,100,Ивано-Франковск,до 200 человек,Аутсорсинговая,женский,23,Высшее,False,выше среднего,13/06/2017 13:53:04,"Mozilla/5.0 (X11; Linux x86_64) AppleWebKit/537.36 (KHTML, like Gecko) Chrome/53.0.2785.113 Safari/537.36",1.5,1.5,400,675.0
3045,Software Engineer,Python,4,1.5,1000,200,Львов,до 10 человек,Аутсорсинговая,мужской,29,Высшее,False,выше среднего,13/06/2017 14:14:30,"Mozilla/5.0 (Linux; Android 6.0.1; Redmi 3S Build/MMB29M) AppleWebKit/537.36 (KHTML, like Gecko) Chrome/58.0.3029.83 Mobile Safari/537.36",4.0,1.5,1000,2950.0
3051,Software Engineer,Python,1,0.25,1500,1000,Киев,до 10 человек,Продуктовая,мужской,30,Высшее,False,средний,13/06/2017 14:16:08,"Mozilla/5.0 (X11; Linux x86_64) AppleWebKit/537.36 (KHTML, like Gecko) Chrome/57.0.2987.133 Safari/537.36",1.0,0.25,1500,2950.0
3146,Technical Lead,Python,10 и более лет,2,1425,475,Киев,до 50 человек,Аутсорсинговая,мужской,43,Высшее,False,выше среднего,13/06/2017 14:51:19,Mozilla/5.0 (X11; Ubuntu; Linux x86_64; rv:52.0) Gecko/20100101 Firefox/52.0,10.0,2.0,1425,3812.5
3150,Junior Software Engineer,Python,0.25,0.25,400,0,Киев,до 10 человек,Другая,мужской,21,Незаконченное высшее,True,средний,13/06/2017 14:52:32,"Mozilla/5.0 (Windows NT 6.1; Win64; x64) AppleWebKit/537.36 (KHTML, like Gecko) Chrome/58.0.3029.110 Safari/537.36",0.25,0.25,400,675.0
3157,Software Engineer,Python,1.5,0.5,1000,500,Киев,до 10 человек,Продуктовая,мужской,26,Высшее,False,средний,13/06/2017 14:55:45,Mozilla/5.0 (X11; Ubuntu; Linux x86_64; rv:51.0) Gecko/20100101 Firefox/51.0,1.5,0.5,1000,2950.0
3159,Junior Software Engineer,Python,0.5,0.5,550,200,Харьков,до 50 человек,Аутсорсинговая,мужской,27,Незаконченное высшее,False,средний,13/06/2017 14:56:15,"Mozilla/5.0 (X11; Linux x86_64) AppleWebKit/537.36 (KHTML, like Gecko) Chrome/58.0.3029.96 Safari/537.36",0.5,0.5,550,675.0
3177,Senior Software Engineer,Python,6,0.25,3500,0,Киев,до 10 человек,Аутстаффинговая,мужской,26,Высшее,False,средний,13/06/2017 15:06:41,"Mozilla/5.0 (Macintosh; Intel Mac OS X 10_12_5) AppleWebKit/537.36 (KHTML, like Gecko) Chrome/58.0.3029.110 Safari/537.36",6.0,0.25,3500,5250.0
3233,Software Engineer,Python,2,2,2700,1000,Киев,до 50 человек,Аутсорсинговая,мужской,21,Незаконченное высшее,True,продвинутый,13/06/2017 15:34:31,"Mozilla/5.0 (Macintosh; Intel Mac OS X 10_12_5) AppleWebKit/603.2.4 (KHTML, like Gecko) Version/10.1.1 Safari/603.2.4",2.0,2.0,2700,2950.0
3268,Junior Software Engineer,Python,1,меньше 3 месяцев,900,600,Киев,до 1000 человек,Аутсорсинговая,мужской,21,Высшее,False,средний,13/06/2017 15:52:33,"Mozilla/5.0 (Macintosh; Intel Mac OS X 10_12_1) AppleWebKit/537.36 (KHTML, like Gecko) Chrome/58.0.3029.110 Safari/537.36",1.0,0.0,900,675.0
3416,Software Engineer,Python,2,0.5,1000,700,Николаев,до 50 человек,Продуктовая,мужской,27,Высшее,False,ниже среднего,13/06/2017 17:30:37,"Mozilla/5.0 (X11; Linux x86_64) AppleWebKit/537.36 (KHTML, like Gecko) Chrome/56.0.2924.87 Safari/537.36",2.0,0.5,1000,2950.0
3481,Software Engineer,Python,2,1,1500,500,Киев,до 50 человек,Аутсорсинговая,мужской,40,Высшее,False,выше среднего,13/06/2017 18:39:42,Mozilla/5.0 (X11; Ubuntu; Linux x86_64; rv:53.0) Gecko/20100101 Firefox/53.0,2.0,1.0,1500,2950.0
3483,Software Engineer,Python,4,3,1700,100,Харьков,до 1000 человек,Продуктовая,мужской,26,Высшее,False,выше среднего,13/06/2017 18:39:57,"Mozilla/5.0 (X11; Linux x86_64) AppleWebKit/537.36 (KHTML, like Gecko) Chrome/57.0.2987.133 Safari/537.36",4.0,3.0,1700,2950.0
3489,Software Engineer,Python,8,1.5,2000,200,Львов,до 50 человек,Аутстаффинговая,мужской,28,Незаконченное высшее,False,ниже среднего,13/06/2017 18:48:48,"Mozilla/5.0 (Linux; Android 6.0.1; MI 5 Build/MXB48T) AppleWebKit/537.36 (KHTML, like Gecko) Chrome/58.0.3029.83 Mobile Safari/537.36",8.0,1.5,2000,2950.0
3524,Software Engineer,Python,4,1.5,3000,1000,Киев,до 200 человек,Аутсорсинговая,мужской,23,Высшее,False,выше среднего,13/06/2017 19:39:34,"Mozilla/5.0 (Macintosh; Intel Mac OS X 10_11_4) AppleWebKit/537.36 (KHTML, like Gecko) Chrome/58.0.3029.110 Safari/537.36",4.0,1.5,3000,2950.0
3533,Software Engineer,Python,2,2,1900,400,Киев,до 10 человек,Стартап,мужской,32,Высшее,False,продвинутый,13/06/2017 19:54:30,Mozilla/5.0 (X11; Ubuntu; Linux x86_64; rv:53.0) Gecko/20100101 Firefox/53.0,2.0,2.0,1900,2950.0
3543,Junior Software Engineer,Python,0.5,0.5,700,0,Львов,до 50 человек,Аутсорсинговая,мужской,42,Высшее,False,средний,13/06/2017 20:10:49,"Mozilla/5.0 (Windows NT 10.0; Win64; x64) AppleWebKit/537.36 (KHTML, like Gecko) Chrome/58.0.3029.110 Safari/537.36",0.5,0.5,700,675.0
3622,Software Engineer,Python,4,2,1700,600,Киев,свыше 1000 человек,Аутсорсинговая,женский,26,Высшее,False,выше среднего,13/06/2017 21:54:40,"Mozilla/5.0 (Macintosh; Intel Mac OS X 10_12_5) AppleWebKit/537.36 (KHTML, like Gecko) Chrome/58.0.3029.110 Safari/537.36",4.0,2.0,1700,2950.0
3659,Software Engineer,Python,10 и более лет,0.5,2200,0,Днепр,свыше 1000 человек,Аутсорсинговая,мужской,38,Высшее,False,средний,13/06/2017 22:40:45,"Mozilla/5.0 (Windows NT 10.0; Win64; x64) AppleWebKit/537.36 (KHTML, like Gecko) Chrome/58.0.3029.110 Safari/537.36",10.0,0.5,2200,2950.0
3680,Junior Software Engineer,Python,0.25,0.25,500,200,Киев,до 1000 человек,Продуктовая,мужской,20,Незаконченное высшее,True,средний,13/06/2017 23:07:44,"Mozilla/5.0 (X11; Linux x86_64) AppleWebKit/537.36 (KHTML, like Gecko) Chrome/56.0.2924.87 Safari/537.36",0.25,0.25,500,675.0
3723,Senior Software Engineer,Python,5,3,3100,0,Киев,до 1000 человек,Аутсорсинговая,мужской,26,Незаконченное высшее,False,выше среднего,14/06/2017 00:26:52,"Mozilla/5.0 (Macintosh; Intel Mac OS X 10_12_5) AppleWebKit/603.2.4 (KHTML, like Gecko) Version/10.1.1 Safari/603.2.4",5.0,3.0,3100,5250.0
3781,Junior Software Engineer,Python,1.5,1,500,250,Днепр,до 10 человек,Аутсорсинговая,мужской,43,Высшее,False,средний,14/06/2017 09:00:01,"Mozilla/5.0 (Macintosh; Intel Mac OS X 10_12_5) AppleWebKit/603.2.4 (KHTML, like Gecko) Version/10.1.1 Safari/603.2.4",1.5,1.0,500,675.0
3822,Junior Software Engineer,Python,1,меньше 3 месяцев,230,75,Другой,до 10 человек,Другая,мужской,28,Высшее,False,ниже среднего,14/06/2017 10:12:26,"Mozilla/5.0 (X11; Linux x86_64) AppleWebKit/537.36 (KHTML, like Gecko) Chrome/59.0.3071.86 Safari/537.36",1.0,0.0,230,675.0
3828,Software Engineer,Python,4,1,1750,0,Киев,свыше 1000 человек,Аутсорсинговая,мужской,28,Среднее,False,ниже среднего,14/06/2017 10:18:48,Mozilla/5.0 (X11; Ubuntu; Linux x86_64; rv:51.0) Gecko/20100101 Firefox/51.0,4.0,1.0,1750,2950.0
3839,Software Engineer,Python,6,5,1200,200,Херсон,до 50 человек,Продуктовая,мужской,30,Высшее,False,средний,14/06/2017 10:35:35,Mozilla/5.0 (X11; Ubuntu; Linux x86_64; rv:53.0) Gecko/20100101 Firefox/53.0,6.0,5.0,1200,2950.0
3855,Software Engineer,Python,2,2,2100,830,Днепр,до 1000 человек,Продуктовая,мужской,27,Высшее,False,ниже среднего,14/06/2017 10:48:28,Mozilla/5.0 (X11; Ubuntu; Linux x86_64; rv:53.0) Gecko/20100101 Firefox/53.0,2.0,2.0,2100,2950.0
3872,Junior Software Engineer,Python,меньше 3 месяцев,меньше 3 месяцев,300,0,Львов,до 50 человек,Аутсорсинговая,мужской,19,Незаконченное высшее,True,средний,14/06/2017 11:18:58,"Mozilla/5.0 (Windows NT 6.1; Win64; x64) AppleWebKit/537.36 (KHTML, like Gecko) Chrome/59.0.3071.86 Safari/537.36",0.0,0.0,300,675.0
3875,Software Engineer,Python,4,1,2000,0,Львов,до 200 человек,Аутсорсинговая,мужской,25,Высшее,False,выше среднего,14/06/2017 11:21:20,"Mozilla/5.0 (Windows NT 6.1; Win64; x64) AppleWebKit/537.36 (KHTML, like Gecko) Chrome/58.0.3029.110 Safari/537.36",4.0,1.0,2000,2950.0
3936,Technical Lead,Python,10 и более лет,0.25,3700,0,Киев,свыше 1000 человек,Аутсорсинговая,мужской,34,Высшее,False,выше среднего,14/06/2017 12:26:36,"Mozilla/5.0 (Linux; Android 5.0; SM-N900V Build/LRX21V) AppleWebKit/537.36 (KHTML, like Gecko) Chrome/58.0.3029.83 Mobile Safari/537.36",10.0,0.25,3700,3812.5
3996,Software Engineer,Python,5,1,1650,0,Одесса,до 10 человек,Продуктовая,мужской,30,Высшее,False,средний,14/06/2017 14:21:58,"Mozilla/5.0 (Macintosh; Intel Mac OS X 10_12_5) AppleWebKit/603.2.4 (KHTML, like Gecko) Version/10.1.1 Safari/603.2.4",5.0,1.0,1650,2950.0
4026,Software Engineer,Python,3,меньше 3 месяцев,2400,1000,Львов,до 200 человек,Аутсорсинговая,мужской,25,Высшее,False,выше среднего,14/06/2017 15:21:29,"Mozilla/5.0 (X11; Linux x86_64) AppleWebKit/537.36 (KHTML, like Gecko) Ubuntu Chromium/58.0.3029.110 Chrome/58.0.3029.110 Safari/537.36",3.0,0.0,2400,2950.0
4080,Software Engineer,Python,9,2,5400,600,Удаленно,до 10 человек,Продуктовая,мужской,34,Высшее,False,выше среднего,14/06/2017 16:45:46,"Mozilla/5.0 (X11; Linux x86_64) AppleWebKit/537.36 (KHTML, like Gecko) Chrome/58.0.3029.110 Safari/537.36",9.0,2.0,5400,2950.0
4187,Junior Software Engineer,Python,1,0.5,750,0,Львов,до 50 человек,Аутсорсинговая,мужской,39,Высшее,False,ниже среднего,14/06/2017 21:41:54,"Mozilla/5.0 (Windows NT 6.1) AppleWebKit/537.36 (KHTML, like Gecko) Chrome/58.0.3029.110 Safari/537.36",1.0,0.5,750,675.0
4237,Software Engineer,Python,5,1.5,2300,300,Львов,до 1000 человек,Аутсорсинговая,мужской,29,Высшее,False,средний,15/06/2017 00:17:57,Mozilla/5.0 (Android 5.0.2; Mobile; rv:53.0) Gecko/53.0 Firefox/53.0,5.0,1.5,2300,2950.0
4266,Software Engineer,Python,1,1,500,100,Одесса,до 50 человек,Аутсорсинговая,женский,29,Высшее,False,выше среднего,15/06/2017 08:24:50,"Mozilla/5.0 (Macintosh; Intel Mac OS X 10_11_6) AppleWebKit/537.36 (KHTML, like Gecko) Chrome/58.0.3029.110 Safari/537.36",1.0,1.0,500,2950.0
4324,Technical Lead,Python,2,2,3300,800,Харьков,до 200 человек,Аутсорсинговая,мужской,26,Высшее,False,средний,15/06/2017 11:16:57,Mozilla/5.0 (X11; Ubuntu; Linux x86_64; rv:53.0) Gecko/20100101 Firefox/53.0,2.0,2.0,3300,3812.5
4551,Software Engineer,Python,3,0.5,1400,500,Херсон,свыше 1000 человек,Аутсорсинговая,мужской,18,Незаконченное высшее,True,выше среднего,16/06/2017 00:51:12,"Mozilla/5.0 (Macintosh; Intel Mac OS X 10_12_5) AppleWebKit/537.36 (KHTML, like Gecko) Chrome/58.0.3029.110 Safari/537.36",3.0,0.5,1400,2950.0
4600,Software Engineer,Python,3,1,1400,560,Удаленно,до 10 человек,Аутсорсинговая,мужской,22,Среднее,False,выше среднего,16/06/2017 11:09:16,"Mozilla/5.0 (Macintosh; Intel Mac OS X 10_12_0) AppleWebKit/537.36 (KHTML, like Gecko) Chrome/58.0.3029.110 Safari/537.36",3.0,1.0,1400,2950.0
4650,Senior Software Engineer,Python,4,меньше 3 месяцев,3300,300,Харьков,до 200 человек,Стартап,мужской,26,Высшее,False,продвинутый,16/06/2017 14:00:07,"Mozilla/5.0 (Macintosh; Intel Mac OS X 10_12_5) AppleWebKit/603.2.4 (KHTML, like Gecko) Version/10.1.1 Safari/603.2.4",4.0,0.0,3300,5250.0
4666,Software Engineer,Python,1.5,1,900,400,Одесса,до 50 человек,Аутсорсинговая,мужской,26,Два высших,False,выше среднего,16/06/2017 14:45:26,"Mozilla/5.0 (Macintosh; Intel Mac OS X 10_11_5) AppleWebKit/537.36 (KHTML, like Gecko) Chrome/58.0.3029.110 Safari/537.36",1.5,1.0,900,2950.0
4706,Software Engineer,Python,3,2,1600,0,Киев,до 200 человек,Аутсорсинговая,мужской,22,Высшее,True,выше среднего,16/06/2017 17:06:49,"Mozilla/5.0 (X11; Linux x86_64) AppleWebKit/537.36 (KHTML, like Gecko) Chrome/57.0.2987.133 Safari/537.36",3.0,2.0,1600,2950.0
4731,Junior Software Engineer,Python,2,1,500,100,Ровно,свыше 1000 человек,Аутсорсинговая,мужской,30,Высшее,False,средний,16/06/2017 19:30:26,Mozilla/5.0 (X11; Ubuntu; Linux x86_64; rv:54.0) Gecko/20100101 Firefox/54.0,2.0,1.0,500,675.0
4747,Technical Lead,Python,5,3,2900,180,Днепр,до 10 человек,Аутстаффинговая,мужской,26,Высшее,False,выше среднего,16/06/2017 21:46:04,"Mozilla/5.0 (Macintosh; Intel Mac OS X 10_10_2) AppleWebKit/537.36 (KHTML, like Gecko) Chrome/58.0.3029.110 Safari/537.36",5.0,3.0,2900,3812.5
4848,Software Engineer,Python,4,1.5,2000,200,Киев,до 50 человек,Продуктовая,мужской,27,Высшее,False,выше среднего,17/06/2017 19:18:58,Mozilla/5.0 (X11; Ubuntu; Linux x86_64; rv:54.0) Gecko/20100101 Firefox/54.0,4.0,1.5,2000,2950.0
4856,Junior Software Engineer,Python,1.5,1.5,700,0,Львов,до 50 человек,Аутсорсинговая,мужской,36,Высшее,False,средний,17/06/2017 20:02:35,"Mozilla/5.0 (Linux; Android 5.1.1; Redmi Note 3 Build/LMY47V) AppleWebKit/537.36 (KHTML, like Gecko) Chrome/58.0.3029.83 Mobile Safari/537.36",1.5,1.5,700,675.0
4877,Software Engineer,Python,3,0.5,1500,0,Львов,до 50 человек,Аутсорсинговая,мужской,24,Высшее,False,выше среднего,17/06/2017 23:21:21,"Mozilla/5.0 (X11; Linux x86_64) AppleWebKit/537.36 (KHTML, like Gecko) Chrome/58.0.3029.110 Safari/537.36",3.0,0.5,1500,2950.0
4889,Senior Software Engineer,Python,8,меньше 3 месяцев,9200,2200,Другой,свыше 1000 человек,Продуктовая,мужской,27,Высшее,False,продвинутый,18/06/2017 07:16:56,Mozilla/5.0 (Macintosh; Intel Mac OS X 10.12; rv:53.0) Gecko/20100101 Firefox/53.0,8.0,0.0,9200,5250.0
4953,Junior Software Engineer,Python,1,0.25,700,0,Киев,до 50 человек,Стартап,мужской,19,Незаконченное высшее,True,выше среднего,18/06/2017 19:40:22,"Mozilla/5.0 (X11; Linux x86_64) AppleWebKit/537.36 (KHTML, like Gecko) Chrome/57.0.2987.110 Safari/537.36",1.0,0.25,700,675.0
4967,Software Engineer,Python,1,1,700,400,Киев,до 10 человек,Стартап,мужской,26,Высшее,False,ниже среднего,18/06/2017 22:10:18,"Mozilla/5.0 (Windows NT 6.1; Win64; x64) AppleWebKit/537.36 (KHTML, like Gecko) Chrome/58.0.3029.110 Safari/537.36",1.0,1.0,700,2950.0
4972,Junior Software Engineer,Python,меньше 3 месяцев,меньше 3 месяцев,211,300,Киев,до 10 человек,Продуктовая,мужской,23,Высшее,True,выше среднего,18/06/2017 22:51:36,Mozilla/5.0 (X11; Ubuntu; Linux x86_64; rv:53.0) Gecko/20100101 Firefox/53.0,0.0,0.0,211,675.0
4974,Junior Software Engineer,Python,0.5,0.5,500,0,Одесса,до 10 человек,Аутсорсинговая,мужской,20,Незаконченное высшее,True,средний,18/06/2017 22:56:59,"Mozilla/5.0 (Windows NT 10.0; Win64; x64) AppleWebKit/537.36 (KHTML, like Gecko) Chrome/58.0.3029.110 Safari/537.36",0.5,0.5,500,675.0
5037,Technical Lead,Python,10 и более лет,0.5,6200,1200,Львов,до 50 человек,Продуктовая,мужской,35,Высшее,False,выше среднего,19/06/2017 17:14:25,Mozilla/5.0 (Windows NT 10.0; WOW64; rv:53.0) Gecko/20100101 Firefox/53.0,10.0,0.5,6200,3812.5
5052,Software Engineer,Python,2,0.5,1800,300,Киев,до 200 человек,Аутсорсинговая,мужской,29,Высшее,False,продвинутый,19/06/2017 20:34:46,"Mozilla/5.0 (Windows NT 10.0; Win64; x64) AppleWebKit/537.36 (KHTML, like Gecko) Chrome/58.0.3029.110 Safari/537.36",2.0,0.5,1800,2950.0
5098,Software Engineer,Python,4,3,1050,200,Кропивницкий,до 200 человек,Аутсорсинговая,мужской,26,Высшее,False,элементарный,20/06/2017 10:27:42,"Mozilla/5.0 (X11; Linux x86_64) AppleWebKit/537.36 (KHTML, like Gecko) Chrome/58.0.3029.110 Safari/537.36",4.0,3.0,1050,2950.0
5174,Junior Software Engineer,Python,1,0.5,400,100,Львов,до 50 человек,Аутстаффинговая,мужской,24,Незаконченное высшее,False,ниже среднего,20/06/2017 15:49:45,Mozilla/5.0 (X11; Ubuntu; Linux x86_64; rv:53.0) Gecko/20100101 Firefox/53.0,1.0,0.5,400,675.0
5247,Junior Software Engineer,Python,1.5,1,550,50,Киев,до 10 человек,Стартап,мужской,25,Высшее,False,выше среднего,20/06/2017 16:27:40,"Mozilla/5.0 (Macintosh; Intel Mac OS X 10_12_5) AppleWebKit/537.36 (KHTML, like Gecko) Chrome/60.0.3112.32 Safari/537.36",1.5,1.0,550,675.0
5258,Junior Software Engineer,Python,1.5,меньше 3 месяцев,800,400,Днепр,до 50 человек,Аутсорсинговая,мужской,23,Незаконченное высшее,False,средний,20/06/2017 16:28:25,"Mozilla/5.0 (X11; Linux x86_64) AppleWebKit/537.36 (KHTML, like Gecko) Ubuntu Chromium/58.0.3029.110 Chrome/58.0.3029.110 Safari/537.36",1.5,0.0,800,675.0
5316,Software Engineer,Python,0.25,меньше 3 месяцев,1500,300,Харьков,до 1000 человек,Аутстаффинговая,мужской,33,Высшее,False,средний,20/06/2017 16:31:42,Mozilla/5.0 (X11; Ubuntu; Linux x86_64; rv:54.0) Gecko/20100101 Firefox/54.0,0.25,0.0,1500,2950.0
5317,Technical Lead,Python,10 и более лет,7,2700,0,Харьков,до 10 человек,Аутстаффинговая,мужской,31,Незаконченное высшее,False,выше среднего,20/06/2017 16:31:42,"Mozilla/5.0 (X11; Linux x86_64) AppleWebKit/537.36 (KHTML, like Gecko) Chrome/59.0.3071.86 Safari/537.36",10.0,7.0,2700,3812.5
5399,Software Engineer,Python,10 и более лет,0.25,2000,1000,Ивано-Франковск,до 10 человек,Продуктовая,мужской,33,Незаконченное высшее,False,продвинутый,20/06/2017 16:39:01,Mozilla/5.0 (X11; Linux x86_64; rv:48.0) Gecko/20100101 Firefox/48.0,10.0,0.25,2000,2950.0
5427,Software Engineer,Python,0.5,0.5,900,0,Винница,до 50 человек,Аутсорсинговая,мужской,18,Среднее,False,выше среднего,20/06/2017 16:42:51,"Mozilla/5.0 (Windows NT 10.0; Win64; x64) AppleWebKit/537.36 (KHTML, like Gecko) Chrome/58.0.3029.110 Safari/537.36",0.5,0.5,900,2950.0
5479,Software Engineer,Python,3,0.25,2000,1000,Киев,до 1000 человек,Другая,мужской,28,Высшее,False,выше среднего,20/06/2017 16:51:44,Mozilla/5.0 (X11; Ubuntu; Linux x86_64; rv:53.0) Gecko/20100101 Firefox/53.0,3.0,0.25,2000,2950.0
5499,Software Engineer,Python,3,0.25,2630,1130,Харьков,до 200 человек,Аутстаффинговая,мужской,23,Высшее,False,выше среднего,20/06/2017 16:54:57,Mozilla/5.0 (X11; Linux x86_64; rv:55.0) Gecko/20100101 Firefox/55.0,3.0,0.25,2630,2950.0
5525,Senior Software Engineer,Python,7,1.5,3600,0,Львов,до 50 человек,Продуктовая,мужской,28,Высшее,False,выше среднего,20/06/2017 16:59:35,"Mozilla/5.0 (Windows NT 10.0; WOW64) AppleWebKit/537.36 (KHTML, like Gecko) Chrome/57.0.2987.137 YaBrowser/17.4.1.955 Yowser/2.5 Safari/537.36",7.0,1.5,3600,5250.0
5530,Junior Software Engineer,Python,1,1,330,80,Запорожье,до 200 человек,Аутсорсинговая,мужской,22,Высшее,False,средний,20/06/2017 17:01:09,"Mozilla/5.0 (iPhone; CPU iPhone OS 10_3_1 like Mac OS X) AppleWebKit/603.1.30 (KHTML, like Gecko) Version/10.0 Mobile/14E304 Safari/602.1",1.0,1.0,330,675.0
5534,Software Engineer,Python,меньше 3 месяцев,3,2400,1000,Львов,до 200 человек,Аутсорсинговая,мужской,25,Высшее,False,выше среднего,20/06/2017 17:02:09,"Mozilla/5.0 (X11; Linux x86_64) AppleWebKit/537.36 (KHTML, like Gecko) Ubuntu Chromium/58.0.3029.110 Chrome/58.0.3029.110 Safari/537.36",0.0,3.0,2400,2950.0
5644,Senior Software Engineer,Python,8,6,2300,200,Удаленно,до 10 человек,Продуктовая,мужской,28,Высшее,False,средний,20/06/2017 17:34:05,"Mozilla/5.0 (Macintosh; Intel Mac OS X 10_12_5) AppleWebKit/603.2.4 (KHTML, like Gecko) Version/10.1.1 Safari/603.2.4",8.0,6.0,2300,5250.0
5671,Software Engineer,Python,2,1.5,1200,400,Харьков,до 50 человек,Аутсорсинговая,мужской,26,Высшее,False,средний,20/06/2017 17:44:56,"Mozilla/5.0 (X11; Linux x86_64) AppleWebKit/537.36 (KHTML, like Gecko) Chrome/61.0.3128.3 Safari/537.36",2.0,1.5,1200,2950.0
5717,Senior Software Engineer,Python,4,4,1400,300,Киев,до 10 человек,Другая,мужской,30,Высшее,False,средний,20/06/2017 18:15:44,"Mozilla/5.0 (X11; Linux x86_64) AppleWebKit/537.36 (KHTML, like Gecko) Chrome/57.0.2987.110 Safari/537.36",4.0,4.0,1400,5250.0
5749,System Architect,Python,10 и более лет,0.25,3000,0,Киев,до 50 человек,Продуктовая,мужской,40,Высшее,False,выше среднего,20/06/2017 18:40:40,Mozilla/5.0 (X11; Ubuntu; Linux x86_64; rv:53.0) Gecko/20100101 Firefox/53.0,10.0,0.25,3000,4000.0
5774,Software Engineer,Python,2,2,2000,600,Киев,до 200 человек,Продуктовая,мужской,30,Высшее,False,ниже среднего,20/06/2017 19:13:15,"Mozilla/5.0 (Macintosh; Intel Mac OS X 10_12_5) AppleWebKit/537.36 (KHTML, like Gecko) Chrome/58.0.3029.110 Safari/537.36",2.0,2.0,2000,2950.0
5836,Junior Software Engineer,Python,меньше 3 месяцев,меньше 3 месяцев,400,0,Киев,до 10 человек,Стартап,мужской,26,Высшее,False,средний,20/06/2017 20:33:24,Mozilla/5.0 (Windows NT 6.3; WOW64; rv:53.0) Gecko/20100101 Firefox/53.0,0.0,0.0,400,675.0
6027,Junior Software Engineer,Python,1,0.25,700,700,Киев,до 50 человек,Аутсорсинговая,женский,22,Незаконченное высшее,True,выше среднего,21/06/2017 08:52:15,Mozilla/5.0 (X11; Ubuntu; Linux x86_64; rv:54.0) Gecko/20100101 Firefox/54.0,1.0,0.25,700,675.0
6039,Software Engineer,Python,2,меньше 3 месяцев,2850,1000,Киев,свыше 1000 человек,Аутстаффинговая,мужской,25,Высшее,False,выше среднего,21/06/2017 09:10:37,"Mozilla/5.0 (Windows NT 10.0; Win64; x64) AppleWebKit/537.36 (KHTML, like Gecko) Chrome/58.0.3029.110 Safari/537.36",2.0,0.0,2850,2950.0
6062,Junior Software Engineer,Python,меньше 3 месяцев,меньше 3 месяцев,300,0,Киев,до 50 человек,Аутсорсинговая,мужской,22,Незаконченное высшее,False,средний,21/06/2017 09:54:56,"Mozilla/5.0 (X11; Linux x86_64) AppleWebKit/537.36 (KHTML, like Gecko) Chrome/59.0.3071.104 Safari/537.36",0.0,0.0,300,675.0
6091,Software Engineer,Python,3,1,1100,500,Харьков,до 50 человек,Аутстаффинговая,мужской,23,Высшее,False,выше среднего,21/06/2017 10:40:31,"Mozilla/5.0 (X11; Linux x86_64) AppleWebKit/537.36 (KHTML, like Gecko) Chrome/59.0.3071.104 Safari/537.36",3.0,1.0,1100,2950.0
6143,Software Engineer,Python,2,0.5,2200,1000,Киев,до 50 человек,Аутстаффинговая,мужской,31,Высшее,False,выше среднего,21/06/2017 12:15:54,"Mozilla/5.0 (Macintosh; Intel Mac OS X 10_12_5) AppleWebKit/537.36 (KHTML, like Gecko) Chrome/58.0.3029.110 Safari/537.36",2.0,0.5,2200,2950.0
6167,Software Engineer,Python,0.25,0.25,700,0,Киев,до 50 человек,Другая,мужской,23,Высшее,True,средний,21/06/2017 12:53:11,"Mozilla/5.0 (iPad; CPU OS 10_3_2 like Mac OS X) AppleWebKit/603.2.4 (KHTML, like Gecko) Version/10.0 Mobile/14F89 Safari/602.1",0.25,0.25,700,2950.0
6193,Technical Lead,Python,3,3,3700,0,Одесса,до 10 человек,Продуктовая,мужской,30,Высшее,False,выше среднего,21/06/2017 13:55:30,Mozilla/5.0 (X11; Ubuntu; Linux x86_64; rv:54.0) Gecko/20100101 Firefox/54.0,3.0,3.0,3700,3812.5
6199,Software Engineer,Python,10 и более лет,2,2950,300,Киев,до 10 человек,Аутстаффинговая,мужской,37,Два высших,False,выше среднего,21/06/2017 14:12:20,"Mozilla/5.0 (Linux; Android 6.0.1; SM-J700H Build/MMB29K) AppleWebKit/537.36 (KHTML, like Gecko) Chrome/58.0.3029.83 Mobile Safari/537.36",10.0,2.0,2950,2950.0
6253,Junior Software Engineer,Python,1,1,400,0,Днепр,до 50 человек,Аутстаффинговая,мужской,21,Высшее,False,выше среднего,21/06/2017 17:27:51,"Mozilla/5.0 (X11; Linux x86_64) AppleWebKit/537.36 (KHTML, like Gecko) Chrome/59.0.3071.104 Safari/537.36",1.0,1.0,400,675.0
6284,Senior Software Engineer,Python,6,1,3100,600,Харьков,до 1000 человек,Аутстаффинговая,мужской,36,Два высших,False,выше среднего,21/06/2017 18:36:11,"Mozilla/5.0 (Macintosh; Intel Mac OS X 10_12_5) AppleWebKit/537.36 (KHTML, like Gecko) Chrome/59.0.3071.109 Safari/537.36",6.0,1.0,3100,5250.0
6346,Junior Software Engineer,Python,1.5,1,1000,400,Киев,до 50 человек,Продуктовая,мужской,22,Незаконченное высшее,True,средний,22/06/2017 01:14:44,"Mozilla/5.0 (Macintosh; Intel Mac OS X 10_11_6) AppleWebKit/603.2.5 (KHTML, like Gecko) Version/10.1.1 Safari/603.2.5",1.5,1.0,1000,675.0
6498,Senior Software Engineer,Python,6,0.5,3300,300,Киев,до 10 человек,Стартап,мужской,30,Высшее,False,выше среднего,23/06/2017 00:03:37,"Mozilla/5.0 (Macintosh; Intel Mac OS X 10_12_5) AppleWebKit/537.36 (KHTML, like Gecko) Chrome/58.0.3029.110 Safari/537.36",6.0,0.5,3300,5250.0
6534,Junior Software Engineer,Python,1.5,0.5,400,200,Киев,до 50 человек,Другая,мужской,30,Высшее,False,ниже среднего,23/06/2017 11:17:38,"Mozilla/5.0 (X11; Linux x86_64) AppleWebKit/537.36 (KHTML, like Gecko) Ubuntu Chromium/58.0.3029.110 Chrome/58.0.3029.110 Safari/537.36",1.5,0.5,400,675.0
6550,Senior Software Engineer,Python,10 и более лет,0.25,2500,0,Киев,до 10 человек,Продуктовая,мужской,45,Высшее,False,ниже среднего,23/06/2017 12:31:29,"Mozilla/5.0 (Macintosh; Intel Mac OS X 10_11_6) AppleWebKit/537.36 (KHTML, like Gecko) Chrome/58.0.3029.110 Safari/537.36",10.0,0.25,2500,5250.0
6620,Software Engineer,Python,2,1.5,1950,850,Киев,до 10 человек,Продуктовая,мужской,23,Высшее,False,продвинутый,23/06/2017 22:30:19,"Mozilla/5.0 (Macintosh; Intel Mac OS X 10_12_2) AppleWebKit/537.36 (KHTML, like Gecko) Chrome/59.0.3071.86 Safari/537.36",2.0,1.5,1950,2950.0
6715,Senior Software Engineer,Python,6,1,3300,800,Киев,до 10 человек,Стартап,мужской,26,Высшее,False,средний,25/06/2017 14:57:16,"Mozilla/5.0 (X11; Linux x86_64) AppleWebKit/537.36 (KHTML, like Gecko) Chrome/58.0.3029.96 Safari/537.36",6.0,1.0,3300,5250.0
6730,Senior Software Engineer,Python,6,4,3000,150,Харьков,свыше 1000 человек,Аутсорсинговая,мужской,29,Высшее,False,средний,25/06/2017 18:42:40,"Mozilla/5.0 (Macintosh; Intel Mac OS X 10_12_5) AppleWebKit/603.2.4 (KHTML, like Gecko) Version/10.1.1 Safari/603.2.4",6.0,4.0,3000,5250.0
6751,Software Engineer,Python,1.5,1,1272,768,Другой,до 50 человек,Аутсорсинговая,мужской,20,Незаконченное высшее,True,средний,26/06/2017 01:26:47,"Mozilla/5.0 (X11; Linux x86_64) AppleWebKit/537.36 (KHTML, like Gecko) Chrome/55.0.2883.87 Safari/537.36",1.5,1.0,1272,2950.0
6790,Senior Software Engineer,Python,7,меньше 3 месяцев,5000,0,Киев,до 200 человек,Стартап,мужской,28,Высшее,False,продвинутый,26/06/2017 11:14:07,"Mozilla/5.0 (Macintosh; Intel Mac OS X 10_12_5) AppleWebKit/603.2.4 (KHTML, like Gecko) Version/10.1.1 Safari/603.2.4",7.0,0.0,5000,5250.0
6866,Software Engineer,Python,3,меньше 3 месяцев,1600,400,Харьков,до 50 человек,Аутстаффинговая,мужской,23,Высшее,False,продвинутый,26/06/2017 11:41:55,Mozilla/5.0 (X11; Ubuntu; Linux x86_64; rv:47.0) Gecko/20100101 Firefox/47.0,3.0,0.0,1600,2950.0
6911,Technical Lead,Python,10 и более лет,10 и более лет,2500,200,Херсон,до 50 человек,Продуктовая,мужской,30,Высшее,False,ниже среднего,26/06/2017 12:16:50,Mozilla/5.0 (X11; Ubuntu; Linux x86_64; rv:54.0) Gecko/20100101 Firefox/54.0,10.0,10.0,2500,3812.5
6949,Software Engineer,Python,1,0.5,1200,600,Киев,свыше 1000 человек,Аутсорсинговая,мужской,25,Высшее,False,средний,26/06/2017 13:27:29,"Mozilla/5.0 (X11; Linux x86_64) AppleWebKit/537.36 (KHTML, like Gecko) Chrome/59.0.3071.109 Safari/537.36",1.0,0.5,1200,2950.0
7050,Junior Software Engineer,Python,1,1,900,300,Киев,до 50 человек,Стартап,мужской,23,Незаконченное высшее,True,средний,26/06/2017 19:53:03,"Mozilla/5.0 (X11; Linux x86_64) AppleWebKit/537.36 (KHTML, like Gecko) Ubuntu Chromium/58.0.3029.110 Chrome/58.0.3029.110 Safari/537.36",1.0,1.0,900,675.0
7051,Software Engineer,Python,4,1,1400,500,Львов,до 1000 человек,Аутстаффинговая,мужской,34,Незаконченное высшее,False,средний,26/06/2017 20:07:02,"Mozilla/5.0 (X11; Linux x86_64) AppleWebKit/537.36 (KHTML, like Gecko) Chrome/58.0.3029.81 Safari/537.36",4.0,1.0,1400,2950.0
7085,Software Engineer,Python,2,меньше 3 месяцев,2000,1400,Киев,до 10 человек,Стартап,мужской,21,Высшее,True,средний,26/06/2017 23:36:13,"Mozilla/5.0 (Macintosh; Intel Mac OS X 10_12_3) AppleWebKit/537.36 (KHTML, like Gecko) Chrome/58.0.3029.110 Safari/537.36",2.0,0.0,2000,2950.0
7099,Senior Software Engineer,Python,5,4,2600,100,Винница,до 200 человек,Аутсорсинговая,мужской,31,Высшее,False,средний,27/06/2017 01:20:34,"Mozilla/5.0 (Macintosh; Intel Mac OS X 10_12_5) AppleWebKit/603.2.4 (KHTML, like Gecko) Version/10.1.1 Safari/603.2.4",5.0,4.0,2600,5250.0
7141,Junior Software Engineer,Python,меньше 3 месяцев,меньше 3 месяцев,100,0,Харьков,до 50 человек,Аутсорсинговая,женский,20,Высшее,True,ниже среднего,27/06/2017 12:07:48,"Mozilla/5.0 (Windows NT 6.1; Win64; x64) AppleWebKit/537.36 (KHTML, like Gecko) Chrome/58.0.3029.110 Safari/537.36",0.0,0.0,100,675.0
7160,Junior Software Engineer,Python,1.5,меньше 3 месяцев,800,500,Киев,до 10 человек,Стартап,мужской,22,Незаконченное высшее,False,ниже среднего,27/06/2017 13:51:34,"Mozilla/5.0 (Macintosh; Intel Mac OS X 10_12_5) AppleWebKit/537.36 (KHTML, like Gecko) Chrome/58.0.3029.110 Safari/537.36",1.5,0.0,800,675.0
7209,Software Engineer,Python,2,2,950,345,Запорожье,до 200 человек,Аутсорсинговая,мужской,22,Незаконченное высшее,False,выше среднего,27/06/2017 20:17:21,"Mozilla/5.0 (Windows NT 10.0; Win64; x64) AppleWebKit/537.36 (KHTML, like Gecko) Chrome/58.0.3029.110 Safari/537.36",2.0,2.0,950,2950.0
7400,Junior Software Engineer,Python,1,1,1000,400,Киев,до 50 человек,Продуктовая,мужской,24,Незаконченное высшее,False,ниже среднего,29/06/2017 16:33:56,"Mozilla/5.0 (Linux; Android 6.0.1; SM-J700H Build/MMB29K) AppleWebKit/537.36 (KHTML, like Gecko) Chrome/58.0.3029.83 Mobile Safari/537.36",1.0,1.0,1000,675.0
7405,Software Engineer,Python,2,1,1100,400,Киев,свыше 1000 человек,Аутсорсинговая,мужской,26,Высшее,False,средний,29/06/2017 16:53:01,"Mozilla/5.0 (Macintosh; Intel Mac OS X 10_10_5) AppleWebKit/537.36 (KHTML, like Gecko) Chrome/58.0.3029.110 Safari/537.36",2.0,1.0,1100,2950.0
7458,Junior Software Engineer,Python,меньше 3 месяцев,меньше 3 месяцев,250,50,Киев,до 10 человек,Стартап,мужской,23,Высшее,False,выше среднего,30/06/2017 13:10:02,Mozilla/5.0 (X11; Ubuntu; Linux x86_64; rv:53.0) Gecko/20100101 Firefox/53.0,0.0,0.0,250,675.0
7474,Junior Software Engineer,Python,0.5,0.5,400,100,Запорожье,до 50 человек,Аутсорсинговая,женский,21,Незаконченное высшее,True,выше среднего,30/06/2017 15:15:06,Mozilla/5.0 (X11; Ubuntu; Linux x86_64; rv:54.0) Gecko/20100101 Firefox/54.0,0.5,0.5,400,675.0
7784,Senior Software Engineer,Python,5,меньше 3 месяцев,3200,700,Киев,до 200 человек,Аутстаффинговая,мужской,24,Незаконченное высшее,False,выше среднего,04/07/2017 14:36:07,"Mozilla/5.0 (Macintosh; Intel Mac OS X 10_11_6) AppleWebKit/537.36 (KHTML, like Gecko) Chrome/59.0.3071.115 Safari/537.36",5.0,0.0,3200,5250.0
7882,Software Engineer,Python,2,1,750,0,Киев,свыше 1000 человек,Аутсорсинговая,мужской,21,Высшее,False,ниже среднего,05/07/2017 11:57:52,"Mozilla/5.0 (X11; Linux x86_64) AppleWebKit/537.36 (KHTML, like Gecko) Chrome/59.0.3071.115 Safari/537.36",2.0,1.0,750,2950.0
7982,Software Engineer,Python,5,5,2850,0,Киев,до 200 человек,Продуктовая,женский,29,Высшее,False,выше среднего,06/07/2017 11:44:17,"Mozilla/5.0 (X11; Linux x86_64) AppleWebKit/537.36 (KHTML, like Gecko) Ubuntu Chromium/58.0.3029.110 Chrome/58.0.3029.110 Safari/537.36",5.0,5.0,2850,2950.0
8074,Senior Software Engineer,Python,6,0.25,4300,1000,Киев,до 50 человек,Стартап,мужской,28,Высшее,False,средний,06/07/2017 12:28:56,"Mozilla/5.0 (Macintosh; Intel Mac OS X 10_12_5) AppleWebKit/537.36 (KHTML, like Gecko) Chrome/59.0.3071.115 Safari/537.36",6.0,0.25,4300,5250.0
8118,Senior Software Engineer,Python,10 и более лет,1.5,4500,0,Киев,до 10 человек,Продуктовая,мужской,30,Высшее,False,выше среднего,06/07/2017 13:36:29,"Mozilla/5.0 (Macintosh; Intel Mac OS X 10_11_6) AppleWebKit/537.36 (KHTML, like Gecko) Chrome/59.0.3071.115 Safari/537.36",10.0,1.5,4500,5250.0
8121,Senior Software Engineer,Python,9,1,4000,0,Киев,до 1000 человек,Продуктовая,мужской,27,Высшее,False,продвинутый,06/07/2017 13:41:09,Mozilla/5.0 (Macintosh; Intel Mac OS X 10.12; rv:54.0) Gecko/20100101 Firefox/54.0,9.0,1.0,4000,5250.0
8226,Senior Software Engineer,Python,10 и более лет,2,5000,500,Киев,свыше 1000 человек,Продуктовая,мужской,31,Высшее,False,выше среднего,06/07/2017 18:44:25,"Mozilla/5.0 (Windows NT 6.1; Win64; x64) AppleWebKit/537.36 (KHTML, like Gecko) Chrome/59.0.3071.115 Safari/537.36",10.0,2.0,5000,5250.0
8229,System Architect,Python,10 и более лет,2,5000,0,Киев,до 10 человек,Продуктовая,мужской,31,Высшее,False,средний,06/07/2017 19:15:05,"Mozilla/5.0 (Macintosh; Intel Mac OS X 10_12_4) AppleWebKit/603.1.30 (KHTML, like Gecko) Version/10.0.1 Safari/602.2.14",10.0,2.0,5000,4000.0
8382,Technical Lead,Python,7,1,3000,1000,Удаленно,до 10 человек,Стартап,мужской,24,Незаконченное высшее,False,выше среднего,07/07/2017 19:51:15,"Mozilla/5.0 (Macintosh; Intel Mac OS X 10_12_5) AppleWebKit/537.36 (KHTML, like Gecko) Chrome/59.0.3071.115 Safari/537.36",7.0,1.0,3000,3812.5
8399,Software Engineer,Python,1,1,800,500,Харьков,до 50 человек,Аутсорсинговая,мужской,33,Высшее,False,средний,07/07/2017 22:56:21,"Mozilla/5.0 (Windows NT 6.3; WOW64) AppleWebKit/537.36 (KHTML, like Gecko) Chrome/59.0.3071.115 Safari/537.36",1.0,1.0,800,2950.0
8446,Technical Lead,Python,7,7,1900,150,Львов,до 200 человек,Продуктовая,мужской,29,Высшее,False,выше среднего,08/07/2017 18:46:55,"Mozilla/5.0 (X11; Linux x86_64) AppleWebKit/537.36 (KHTML, like Gecko) Chrome/57.0.2987.133 Safari/537.36",7.0,7.0,1900,3812.5
8503,Junior Software Engineer,Python,2,1,1250,800,Киев,свыше 1000 человек,Аутсорсинговая,мужской,21,Высшее,False,выше среднего,09/07/2017 20:48:08,"Mozilla/5.0 (X11; Linux x86_64) AppleWebKit/537.36 (KHTML, like Gecko) Chrome/54.0.2840.90 Safari/537.36",2.0,1.0,1250,675.0
8524,Junior Software Engineer,Python,0.25,0.25,185,0,Киев,до 50 человек,Другая,женский,19,Незаконченное высшее,True,средний,10/07/2017 10:26:33,"Mozilla/5.0 (Linux; Android 6.0.1; Redmi Note 4 Build/MMB29M) AppleWebKit/537.36 (KHTML, like Gecko) Chrome/59.0.3071.125 Mobile Safari/537.36",0.25,0.25,185,675.0
8547,Software Engineer,Python,5,1,2000,800,Запорожье,до 50 человек,Аутсорсинговая,мужской,22,Незаконченное высшее,False,средний,10/07/2017 14:11:26,"Mozilla/5.0 (Macintosh; Intel Mac OS X 10_12_5) AppleWebKit/603.2.4 (KHTML, like Gecko) Version/10.1.1 Safari/603.2.4",5.0,1.0,2000,2950.0
8626,Software Engineer,Python,4,1,1750,0,Киев,свыше 1000 человек,Аутсорсинговая,мужской,28,Среднее,False,средний,11/07/2017 16:15:40,Mozilla/5.0 (X11; Ubuntu; Linux x86_64; rv:54.0) Gecko/20100101 Firefox/54.0,4.0,1.0,1750,2950.0
8636,Senior Software Engineer,Python,10 и более лет,меньше 3 месяцев,4000,1300,Удаленно,до 10 человек,Стартап,мужской,33,Высшее,False,выше среднего,11/07/2017 17:51:36,"Mozilla/5.0 (X11; Linux x86_64) AppleWebKit/537.36 (KHTML, like Gecko) Chrome/59.0.3071.86 Safari/537.36",10.0,0.0,4000,5250.0
8674,Junior Software Engineer,Python,0.5,0.5,350,50,Киев,до 50 человек,Аутсорсинговая,мужской,22,Высшее,False,средний,12/07/2017 09:37:16,Mozilla/5.0 (X11; Ubuntu; Linux x86_64; rv:54.0) Gecko/20100101 Firefox/54.0,0.5,0.5,350,675.0
8696,Software Engineer,Python,1,0.5,1500,1000,Киев,до 10 человек,Стартап,мужской,29,Высшее,False,средний,12/07/2017 14:39:21,"Mozilla/5.0 (X11; Linux x86_64) AppleWebKit/537.36 (KHTML, like Gecko) Chrome/57.0.2987.133 Safari/537.36",1.0,0.5,1500,2950.0
